{
  "rsi": {
    "mean": 56.019999999999996,
    "std": 8.865813555449947
  },
  "atrPct": {
    "mean": 0.008931139777262774,
    "std": 0.0033205713403249557
  },
  "ret1h": {
    "mean": 0.003389952199841571,
    "std": 0.004836964206258808
  },
  "momentum": {
    "mean": -88.7112500000012,
    "std": 391.81688658216024
  },
  "sma": {
    "mean": 40229.72625,
    "std": 4975.553548362576
  },
  "ema": {
    "mean": 40229.72625,
    "std": 4975.553548362576
  },
  "bbUpper": {
    "mean": null,
    "std": 1
  },
  "bbMiddle": {
    "mean": null,
    "std": 1
  },
  "bbLower": {
    "mean": null,
    "std": 1
  },
  "obv": {
    "mean": -1298.5776988750004,
    "std": 3898.5806091465115
  },
  "vwap": {
    "mean": 40234.63660628385,
    "std": 5055.6224124462215
  },
  "volSpike": {
    "mean": null,
    "std": 1
  },
  "obImbalance": {
    "mean": 0.29554827187319954,
    "std": 0.41877201816748943
  },
  "fundingRate": {
    "mean": 0.00004334,
    "std": 1
  },
  "openInterest": {
    "mean": 75784.28312499999,
    "std": 1.8206057671502536
  },
  "hourOfDay": {
    "mean": 10.375,
    "std": 7.192661190407901
  },
  "dayOfWeek": {
    "mean": 2.875,
    "std": 1.899835519196333
  }
}